--
-- PostgreSQL database dump
--

\restrict HUY6IzWAxo6jkteCGE15GRhfpSHZmb5LRxcg58IkwekjSfyHzNufgs8BBHsIwz2

-- Dumped from database version 18.0
-- Dumped by pg_dump version 18.0

SET statement_timeout = 0;
SET lock_timeout = 0;
SET idle_in_transaction_session_timeout = 0;
SET transaction_timeout = 0;
SET client_encoding = 'UTF8';
SET standard_conforming_strings = on;
SELECT pg_catalog.set_config('search_path', '', false);
SET check_function_bodies = false;
SET xmloption = content;
SET client_min_messages = warning;
SET row_security = off;

--
-- Name: django; Type: SCHEMA; Schema: -; Owner: postgres
--

CREATE SCHEMA django;


ALTER SCHEMA django OWNER TO postgres;

SET default_tablespace = '';

SET default_table_access_method = heap;

--
-- Name: auth_group; Type: TABLE; Schema: django; Owner: aris
--

CREATE TABLE django.auth_group (
    id integer NOT NULL,
    name character varying(150) NOT NULL
);


ALTER TABLE django.auth_group OWNER TO aris;

--
-- Name: auth_group_id_seq; Type: SEQUENCE; Schema: django; Owner: aris
--

ALTER TABLE django.auth_group ALTER COLUMN id ADD GENERATED BY DEFAULT AS IDENTITY (
    SEQUENCE NAME django.auth_group_id_seq
    START WITH 1
    INCREMENT BY 1
    NO MINVALUE
    NO MAXVALUE
    CACHE 1
);


--
-- Name: auth_group_permissions; Type: TABLE; Schema: django; Owner: aris
--

CREATE TABLE django.auth_group_permissions (
    id bigint NOT NULL,
    group_id integer NOT NULL,
    permission_id integer NOT NULL
);


ALTER TABLE django.auth_group_permissions OWNER TO aris;

--
-- Name: auth_group_permissions_id_seq; Type: SEQUENCE; Schema: django; Owner: aris
--

ALTER TABLE django.auth_group_permissions ALTER COLUMN id ADD GENERATED BY DEFAULT AS IDENTITY (
    SEQUENCE NAME django.auth_group_permissions_id_seq
    START WITH 1
    INCREMENT BY 1
    NO MINVALUE
    NO MAXVALUE
    CACHE 1
);


--
-- Name: auth_permission; Type: TABLE; Schema: django; Owner: aris
--

CREATE TABLE django.auth_permission (
    id integer NOT NULL,
    name character varying(255) NOT NULL,
    content_type_id integer NOT NULL,
    codename character varying(100) NOT NULL
);


ALTER TABLE django.auth_permission OWNER TO aris;

--
-- Name: auth_permission_id_seq; Type: SEQUENCE; Schema: django; Owner: aris
--

ALTER TABLE django.auth_permission ALTER COLUMN id ADD GENERATED BY DEFAULT AS IDENTITY (
    SEQUENCE NAME django.auth_permission_id_seq
    START WITH 1
    INCREMENT BY 1
    NO MINVALUE
    NO MAXVALUE
    CACHE 1
);


--
-- Name: auth_user; Type: TABLE; Schema: django; Owner: aris
--

CREATE TABLE django.auth_user (
    id integer NOT NULL,
    password character varying(128) NOT NULL,
    last_login timestamp with time zone,
    is_superuser boolean NOT NULL,
    username character varying(150) NOT NULL,
    first_name character varying(150) NOT NULL,
    last_name character varying(150) NOT NULL,
    email character varying(254) NOT NULL,
    is_staff boolean NOT NULL,
    is_active boolean NOT NULL,
    date_joined timestamp with time zone NOT NULL
);


ALTER TABLE django.auth_user OWNER TO aris;

--
-- Name: auth_user_groups; Type: TABLE; Schema: django; Owner: aris
--

CREATE TABLE django.auth_user_groups (
    id bigint NOT NULL,
    user_id integer NOT NULL,
    group_id integer NOT NULL
);


ALTER TABLE django.auth_user_groups OWNER TO aris;

--
-- Name: auth_user_groups_id_seq; Type: SEQUENCE; Schema: django; Owner: aris
--

ALTER TABLE django.auth_user_groups ALTER COLUMN id ADD GENERATED BY DEFAULT AS IDENTITY (
    SEQUENCE NAME django.auth_user_groups_id_seq
    START WITH 1
    INCREMENT BY 1
    NO MINVALUE
    NO MAXVALUE
    CACHE 1
);


--
-- Name: auth_user_id_seq; Type: SEQUENCE; Schema: django; Owner: aris
--

ALTER TABLE django.auth_user ALTER COLUMN id ADD GENERATED BY DEFAULT AS IDENTITY (
    SEQUENCE NAME django.auth_user_id_seq
    START WITH 1
    INCREMENT BY 1
    NO MINVALUE
    NO MAXVALUE
    CACHE 1
);


--
-- Name: auth_user_user_permissions; Type: TABLE; Schema: django; Owner: aris
--

CREATE TABLE django.auth_user_user_permissions (
    id bigint NOT NULL,
    user_id integer NOT NULL,
    permission_id integer NOT NULL
);


ALTER TABLE django.auth_user_user_permissions OWNER TO aris;

--
-- Name: auth_user_user_permissions_id_seq; Type: SEQUENCE; Schema: django; Owner: aris
--

ALTER TABLE django.auth_user_user_permissions ALTER COLUMN id ADD GENERATED BY DEFAULT AS IDENTITY (
    SEQUENCE NAME django.auth_user_user_permissions_id_seq
    START WITH 1
    INCREMENT BY 1
    NO MINVALUE
    NO MAXVALUE
    CACHE 1
);


--
-- Name: django_admin_log; Type: TABLE; Schema: django; Owner: aris
--

CREATE TABLE django.django_admin_log (
    id integer NOT NULL,
    action_time timestamp with time zone NOT NULL,
    object_id text,
    object_repr character varying(200) NOT NULL,
    action_flag smallint NOT NULL,
    change_message text NOT NULL,
    content_type_id integer,
    user_id integer NOT NULL,
    CONSTRAINT django_admin_log_action_flag_check CHECK ((action_flag >= 0))
);


ALTER TABLE django.django_admin_log OWNER TO aris;

--
-- Name: django_admin_log_id_seq; Type: SEQUENCE; Schema: django; Owner: aris
--

ALTER TABLE django.django_admin_log ALTER COLUMN id ADD GENERATED BY DEFAULT AS IDENTITY (
    SEQUENCE NAME django.django_admin_log_id_seq
    START WITH 1
    INCREMENT BY 1
    NO MINVALUE
    NO MAXVALUE
    CACHE 1
);


--
-- Name: django_content_type; Type: TABLE; Schema: django; Owner: aris
--

CREATE TABLE django.django_content_type (
    id integer NOT NULL,
    app_label character varying(100) NOT NULL,
    model character varying(100) NOT NULL
);


ALTER TABLE django.django_content_type OWNER TO aris;

--
-- Name: django_content_type_id_seq; Type: SEQUENCE; Schema: django; Owner: aris
--

ALTER TABLE django.django_content_type ALTER COLUMN id ADD GENERATED BY DEFAULT AS IDENTITY (
    SEQUENCE NAME django.django_content_type_id_seq
    START WITH 1
    INCREMENT BY 1
    NO MINVALUE
    NO MAXVALUE
    CACHE 1
);


--
-- Name: django_migrations; Type: TABLE; Schema: django; Owner: aris
--

CREATE TABLE django.django_migrations (
    id bigint NOT NULL,
    app character varying(255) NOT NULL,
    name character varying(255) NOT NULL,
    applied timestamp with time zone NOT NULL
);


ALTER TABLE django.django_migrations OWNER TO aris;

--
-- Name: django_migrations_id_seq; Type: SEQUENCE; Schema: django; Owner: aris
--

ALTER TABLE django.django_migrations ALTER COLUMN id ADD GENERATED BY DEFAULT AS IDENTITY (
    SEQUENCE NAME django.django_migrations_id_seq
    START WITH 1
    INCREMENT BY 1
    NO MINVALUE
    NO MAXVALUE
    CACHE 1
);


--
-- Name: django_session; Type: TABLE; Schema: django; Owner: aris
--

CREATE TABLE django.django_session (
    session_key character varying(40) NOT NULL,
    session_data text NOT NULL,
    expire_date timestamp with time zone NOT NULL
);


ALTER TABLE django.django_session OWNER TO aris;

--
-- Name: magazin_app_categorie; Type: TABLE; Schema: django; Owner: aris
--

CREATE TABLE django.magazin_app_categorie (
    name character varying(100) NOT NULL,
    description character varying(300) NOT NULL,
    status character varying(10) NOT NULL,
    categorie_id bigint NOT NULL,
    icon character varying(100),
    culoare character varying(20)
);


ALTER TABLE django.magazin_app_categorie OWNER TO aris;

--
-- Name: magazin_app_categorie_categorie_id_seq; Type: SEQUENCE; Schema: django; Owner: aris
--

ALTER TABLE django.magazin_app_categorie ALTER COLUMN categorie_id ADD GENERATED BY DEFAULT AS IDENTITY (
    SEQUENCE NAME django.magazin_app_categorie_categorie_id_seq
    START WITH 1
    INCREMENT BY 1
    NO MINVALUE
    NO MAXVALUE
    CACHE 1
);


--
-- Name: magazin_app_comanda; Type: TABLE; Schema: django; Owner: aris
--

CREATE TABLE django.magazin_app_comanda (
    comanda_id integer NOT NULL,
    valoare numeric(7,2) NOT NULL,
    tip_ambalaj character varying(20) NOT NULL,
    curier character varying(20) NOT NULL,
    user_id integer NOT NULL
);


ALTER TABLE django.magazin_app_comanda OWNER TO aris;

--
-- Name: magazin_app_comanda_comanda_id_seq; Type: SEQUENCE; Schema: django; Owner: aris
--

ALTER TABLE django.magazin_app_comanda ALTER COLUMN comanda_id ADD GENERATED BY DEFAULT AS IDENTITY (
    SEQUENCE NAME django.magazin_app_comanda_comanda_id_seq
    START WITH 1
    INCREMENT BY 1
    NO MINVALUE
    NO MAXVALUE
    CACHE 1
);


--
-- Name: magazin_app_comanda_produse; Type: TABLE; Schema: django; Owner: aris
--

CREATE TABLE django.magazin_app_comanda_produse (
    id bigint NOT NULL,
    comanda_id integer NOT NULL,
    produs_id bigint NOT NULL
);


ALTER TABLE django.magazin_app_comanda_produse OWNER TO aris;

--
-- Name: magazin_app_comanda_produse_id_seq; Type: SEQUENCE; Schema: django; Owner: aris
--

ALTER TABLE django.magazin_app_comanda_produse ALTER COLUMN id ADD GENERATED BY DEFAULT AS IDENTITY (
    SEQUENCE NAME django.magazin_app_comanda_produse_id_seq
    START WITH 1
    INCREMENT BY 1
    NO MINVALUE
    NO MAXVALUE
    CACHE 1
);


--
-- Name: magazin_app_furnizor; Type: TABLE; Schema: django; Owner: aris
--

CREATE TABLE django.magazin_app_furnizor (
    name character varying(100) NOT NULL,
    email character varying(100) NOT NULL,
    is_active boolean NOT NULL,
    furnizor_id bigint NOT NULL
);


ALTER TABLE django.magazin_app_furnizor OWNER TO aris;

--
-- Name: magazin_app_furnizor_furnizor_id_seq; Type: SEQUENCE; Schema: django; Owner: aris
--

ALTER TABLE django.magazin_app_furnizor ALTER COLUMN furnizor_id ADD GENERATED BY DEFAULT AS IDENTITY (
    SEQUENCE NAME django.magazin_app_furnizor_furnizor_id_seq
    START WITH 1
    INCREMENT BY 1
    NO MINVALUE
    NO MAXVALUE
    CACHE 1
);


--
-- Name: magazin_app_ingredient; Type: TABLE; Schema: django; Owner: aris
--

CREATE TABLE django.magazin_app_ingredient (
    name character varying(100) NOT NULL,
    benefit character varying(200) NOT NULL,
    protein_per_100g numeric(5,2) NOT NULL,
    country_from character varying(100) NOT NULL,
    ingredient_id bigint NOT NULL
);


ALTER TABLE django.magazin_app_ingredient OWNER TO aris;

--
-- Name: magazin_app_ingredient_ingredient_id_seq; Type: SEQUENCE; Schema: django; Owner: aris
--

ALTER TABLE django.magazin_app_ingredient ALTER COLUMN ingredient_id ADD GENERATED BY DEFAULT AS IDENTITY (
    SEQUENCE NAME django.magazin_app_ingredient_ingredient_id_seq
    START WITH 1
    INCREMENT BY 1
    NO MINVALUE
    NO MAXVALUE
    CACHE 1
);


--
-- Name: magazin_app_ingredient_produse; Type: TABLE; Schema: django; Owner: aris
--

CREATE TABLE django.magazin_app_ingredient_produse (
    id bigint NOT NULL,
    ingredient_id bigint NOT NULL,
    produs_id bigint NOT NULL
);


ALTER TABLE django.magazin_app_ingredient_produse OWNER TO aris;

--
-- Name: magazin_app_ingredient_produse_id_seq; Type: SEQUENCE; Schema: django; Owner: aris
--

ALTER TABLE django.magazin_app_ingredient_produse ALTER COLUMN id ADD GENERATED BY DEFAULT AS IDENTITY (
    SEQUENCE NAME django.magazin_app_ingredient_produse_id_seq
    START WITH 1
    INCREMENT BY 1
    NO MINVALUE
    NO MAXVALUE
    CACHE 1
);


--
-- Name: magazin_app_inventar; Type: TABLE; Schema: django; Owner: aris
--

CREATE TABLE django.magazin_app_inventar (
    cantitate integer NOT NULL,
    modif character varying(4) NOT NULL,
    date_modif timestamp with time zone NOT NULL,
    produs_id bigint NOT NULL,
    inventar_id bigint NOT NULL,
    CONSTRAINT magazin_app_inventar_cantitate_check CHECK ((cantitate >= 0))
);


ALTER TABLE django.magazin_app_inventar OWNER TO aris;

--
-- Name: magazin_app_inventar_inventar_id_seq; Type: SEQUENCE; Schema: django; Owner: aris
--

ALTER TABLE django.magazin_app_inventar ALTER COLUMN inventar_id ADD GENERATED BY DEFAULT AS IDENTITY (
    SEQUENCE NAME django.magazin_app_inventar_inventar_id_seq
    START WITH 1
    INCREMENT BY 1
    NO MINVALUE
    NO MAXVALUE
    CACHE 1
);


--
-- Name: magazin_app_locatie; Type: TABLE; Schema: django; Owner: aris
--

CREATE TABLE django.magazin_app_locatie (
    adresa character varying(255) NOT NULL,
    oras character varying(100) NOT NULL,
    judet character varying(100) NOT NULL,
    cod_postal character varying(10) NOT NULL,
    nr integer NOT NULL,
    locatie_id bigint NOT NULL
);


ALTER TABLE django.magazin_app_locatie OWNER TO aris;

--
-- Name: magazin_app_locatie_locatie_id_seq; Type: SEQUENCE; Schema: django; Owner: aris
--

ALTER TABLE django.magazin_app_locatie ALTER COLUMN locatie_id ADD GENERATED BY DEFAULT AS IDENTITY (
    SEQUENCE NAME django.magazin_app_locatie_locatie_id_seq
    START WITH 1
    INCREMENT BY 1
    NO MINVALUE
    NO MAXVALUE
    CACHE 1
);


--
-- Name: magazin_app_organizator; Type: TABLE; Schema: django; Owner: aris
--

CREATE TABLE django.magazin_app_organizator (
    nume character varying(100) NOT NULL,
    email character varying(254) NOT NULL,
    organizator_id bigint NOT NULL
);


ALTER TABLE django.magazin_app_organizator OWNER TO aris;

--
-- Name: magazin_app_organizator_organizator_id_seq; Type: SEQUENCE; Schema: django; Owner: aris
--

ALTER TABLE django.magazin_app_organizator ALTER COLUMN organizator_id ADD GENERATED BY DEFAULT AS IDENTITY (
    SEQUENCE NAME django.magazin_app_organizator_organizator_id_seq
    START WITH 1
    INCREMENT BY 1
    NO MINVALUE
    NO MAXVALUE
    CACHE 1
);


--
-- Name: magazin_app_produs; Type: TABLE; Schema: django; Owner: aris
--

CREATE TABLE django.magazin_app_produs (
    name character varying(100) NOT NULL,
    price numeric(7,2) NOT NULL,
    stock_quantity integer NOT NULL,
    is_active boolean NOT NULL,
    weight double precision NOT NULL,
    categorie_id bigint NOT NULL,
    furnizor_id bigint NOT NULL,
    produs_id bigint NOT NULL
);


ALTER TABLE django.magazin_app_produs OWNER TO aris;

--
-- Name: magazin_app_produs_produs_id_seq; Type: SEQUENCE; Schema: django; Owner: aris
--

ALTER TABLE django.magazin_app_produs ALTER COLUMN produs_id ADD GENERATED BY DEFAULT AS IDENTITY (
    SEQUENCE NAME django.magazin_app_produs_produs_id_seq
    START WITH 1
    INCREMENT BY 1
    NO MINVALUE
    NO MAXVALUE
    CACHE 1
);


--
-- Name: magazin_app_promotie; Type: TABLE; Schema: django; Owner: aris
--

CREATE TABLE django.magazin_app_promotie (
    name character varying(100) NOT NULL,
    discount_percentage numeric(5,2) NOT NULL,
    start_date date NOT NULL,
    end_date date NOT NULL,
    promotie_id bigint NOT NULL
);


ALTER TABLE django.magazin_app_promotie OWNER TO aris;

--
-- Name: magazin_app_promotie_produse; Type: TABLE; Schema: django; Owner: aris
--

CREATE TABLE django.magazin_app_promotie_produse (
    id bigint NOT NULL,
    promotie_id bigint NOT NULL,
    produs_id bigint NOT NULL
);


ALTER TABLE django.magazin_app_promotie_produse OWNER TO aris;

--
-- Name: magazin_app_promotie_produse_id_seq; Type: SEQUENCE; Schema: django; Owner: aris
--

ALTER TABLE django.magazin_app_promotie_produse ALTER COLUMN id ADD GENERATED BY DEFAULT AS IDENTITY (
    SEQUENCE NAME django.magazin_app_promotie_produse_id_seq
    START WITH 1
    INCREMENT BY 1
    NO MINVALUE
    NO MAXVALUE
    CACHE 1
);


--
-- Name: magazin_app_promotie_promotie_id_seq; Type: SEQUENCE; Schema: django; Owner: aris
--

ALTER TABLE django.magazin_app_promotie ALTER COLUMN promotie_id ADD GENERATED BY DEFAULT AS IDENTITY (
    SEQUENCE NAME django.magazin_app_promotie_promotie_id_seq
    START WITH 1
    INCREMENT BY 1
    NO MINVALUE
    NO MAXVALUE
    CACHE 1
);


--
-- Name: magazin_app_punctefidelitate; Type: TABLE; Schema: django; Owner: aris
--

CREATE TABLE django.magazin_app_punctefidelitate (
    id_puncte integer NOT NULL,
    data_comenzii date NOT NULL,
    data_revendicarii date,
    multiplicator numeric(3,1) NOT NULL,
    puncte_castigate integer NOT NULL,
    user_id integer NOT NULL
);


ALTER TABLE django.magazin_app_punctefidelitate OWNER TO aris;

--
-- Name: magazin_app_punctefidelitate_id_puncte_seq; Type: SEQUENCE; Schema: django; Owner: aris
--

ALTER TABLE django.magazin_app_punctefidelitate ALTER COLUMN id_puncte ADD GENERATED BY DEFAULT AS IDENTITY (
    SEQUENCE NAME django.magazin_app_punctefidelitate_id_puncte_seq
    START WITH 1
    INCREMENT BY 1
    NO MINVALUE
    NO MAXVALUE
    CACHE 1
);


--
-- Name: magazin_app_review; Type: TABLE; Schema: django; Owner: aris
--

CREATE TABLE django.magazin_app_review (
    review_id integer NOT NULL,
    tip character varying(20) NOT NULL,
    mesaj character varying(300) NOT NULL,
    produs_id bigint NOT NULL,
    user_id integer NOT NULL
);


ALTER TABLE django.magazin_app_review OWNER TO aris;

--
-- Name: magazin_app_review_review_id_seq; Type: SEQUENCE; Schema: django; Owner: aris
--

ALTER TABLE django.magazin_app_review ALTER COLUMN review_id ADD GENERATED BY DEFAULT AS IDENTITY (
    SEQUENCE NAME django.magazin_app_review_review_id_seq
    START WITH 1
    INCREMENT BY 1
    NO MINVALUE
    NO MAXVALUE
    CACHE 1
);


--
-- Name: magazin_app_user; Type: TABLE; Schema: django; Owner: aris
--

CREATE TABLE django.magazin_app_user (
    id_user integer NOT NULL,
    username character varying(20) NOT NULL,
    nr_tel character varying(15) NOT NULL,
    parola character varying(50) NOT NULL,
    email character varying(100) NOT NULL,
    data_nasterii date NOT NULL,
    vip boolean NOT NULL,
    adresa character varying(200) NOT NULL,
    tara character varying(20) NOT NULL,
    cod character varying(100),
    email_confirmat boolean NOT NULL
);


ALTER TABLE django.magazin_app_user OWNER TO aris;

--
-- Name: magazin_app_user_id_user_seq; Type: SEQUENCE; Schema: django; Owner: aris
--

ALTER TABLE django.magazin_app_user ALTER COLUMN id_user ADD GENERATED BY DEFAULT AS IDENTITY (
    SEQUENCE NAME django.magazin_app_user_id_user_seq
    START WITH 1
    INCREMENT BY 1
    NO MINVALUE
    NO MAXVALUE
    CACHE 1
);


--
-- Data for Name: auth_group; Type: TABLE DATA; Schema: django; Owner: aris
--

COPY django.auth_group (id, name) FROM stdin;
\.


--
-- Data for Name: auth_group_permissions; Type: TABLE DATA; Schema: django; Owner: aris
--

COPY django.auth_group_permissions (id, group_id, permission_id) FROM stdin;
\.


--
-- Data for Name: auth_permission; Type: TABLE DATA; Schema: django; Owner: aris
--

COPY django.auth_permission (id, name, content_type_id, codename) FROM stdin;
1	Can add log entry	1	add_logentry
2	Can change log entry	1	change_logentry
3	Can delete log entry	1	delete_logentry
4	Can view log entry	1	view_logentry
5	Can add permission	2	add_permission
6	Can change permission	2	change_permission
7	Can delete permission	2	delete_permission
8	Can view permission	2	view_permission
9	Can add group	3	add_group
10	Can change group	3	change_group
11	Can delete group	3	delete_group
12	Can view group	3	view_group
13	Can add user	4	add_user
14	Can change user	4	change_user
15	Can delete user	4	delete_user
16	Can view user	4	view_user
17	Can add content type	5	add_contenttype
18	Can change content type	5	change_contenttype
19	Can delete content type	5	delete_contenttype
20	Can view content type	5	view_contenttype
21	Can add session	6	add_session
22	Can change session	6	change_session
23	Can delete session	6	delete_session
24	Can view session	6	view_session
25	Can add furnizor	7	add_furnizor
26	Can change furnizor	7	change_furnizor
27	Can delete furnizor	7	delete_furnizor
28	Can view furnizor	7	view_furnizor
29	Can add categorie	8	add_categorie
30	Can change categorie	8	change_categorie
31	Can delete categorie	8	delete_categorie
32	Can view categorie	8	view_categorie
33	Can add produs	9	add_produs
34	Can change produs	9	change_produs
35	Can delete produs	9	delete_produs
36	Can view produs	9	view_produs
37	Can add inventar	10	add_inventar
38	Can change inventar	10	change_inventar
39	Can delete inventar	10	delete_inventar
40	Can view inventar	10	view_inventar
41	Can add promotie	11	add_promotie
42	Can change promotie	11	change_promotie
43	Can delete promotie	11	delete_promotie
44	Can view promotie	11	view_promotie
45	Can add ingredient	12	add_ingredient
46	Can change ingredient	12	change_ingredient
47	Can delete ingredient	12	delete_ingredient
48	Can view ingredient	12	view_ingredient
49	Can add organizator	13	add_organizator
50	Can change organizator	13	change_organizator
51	Can delete organizator	13	delete_organizator
52	Can view organizator	13	view_organizator
53	Can add locatie	14	add_locatie
54	Can change locatie	14	change_locatie
55	Can delete locatie	14	delete_locatie
56	Can view locatie	14	view_locatie
57	Can add comanda	15	add_comanda
58	Can change comanda	15	change_comanda
59	Can delete comanda	15	delete_comanda
60	Can view comanda	15	view_comanda
61	Can add puncte fidelitate	16	add_punctefidelitate
62	Can change puncte fidelitate	16	change_punctefidelitate
63	Can delete puncte fidelitate	16	delete_punctefidelitate
64	Can view puncte fidelitate	16	view_punctefidelitate
65	Can add user	17	add_user
66	Can change user	17	change_user
67	Can delete user	17	delete_user
68	Can view user	17	view_user
69	Can add review	18	add_review
70	Can change review	18	change_review
71	Can delete review	18	delete_review
72	Can view review	18	view_review
73	Can add comanda produs	19	add_comandaprodus
74	Can change comanda produs	19	change_comandaprodus
75	Can delete comanda produs	19	delete_comandaprodus
76	Can view comanda produs	19	view_comandaprodus
\.


--
-- Data for Name: auth_user; Type: TABLE DATA; Schema: django; Owner: aris
--

COPY django.auth_user (id, password, last_login, is_superuser, username, first_name, last_name, email, is_staff, is_active, date_joined) FROM stdin;
1	pbkdf2_sha256$1000000$rPTtYOTCprAO0YW2VBtyfc$L0Le3MeTzcg1zQW+rnf6J9iGTCc7AapnHYoky8Uc2m8=	2025-11-13 10:22:40.710653+02	t	aris			aris.zaharidis@gmail.com	t	t	2025-10-29 20:25:49.201756+02
\.


--
-- Data for Name: auth_user_groups; Type: TABLE DATA; Schema: django; Owner: aris
--

COPY django.auth_user_groups (id, user_id, group_id) FROM stdin;
\.


--
-- Data for Name: auth_user_user_permissions; Type: TABLE DATA; Schema: django; Owner: aris
--

COPY django.auth_user_user_permissions (id, user_id, permission_id) FROM stdin;
\.


--
-- Data for Name: django_admin_log; Type: TABLE DATA; Schema: django; Owner: aris
--

COPY django.django_admin_log (id, action_time, object_id, object_repr, action_flag, change_message, content_type_id, user_id) FROM stdin;
1	2025-10-29 21:14:18.875258+02	1	MyProtein	1	[{"added": {}}]	7	1
2	2025-10-29 21:14:39.715729+02	1	Vitamine	1	[{"added": {}}]	8	1
3	2025-10-29 21:15:05.877857+02	1	Proteina Whey Gold	1	[{"added": {}}]	9	1
4	2025-10-29 21:15:22.465761+02	1	Proteina Whey Gold (+5)	1	[{"added": {}}]	10	1
5	2025-10-29 21:21:56.479022+02	1	Proteina Whey Gold	2	[{"changed": {"fields": ["Stock quantity"]}}]	9	1
6	2025-10-29 22:55:45.190532+02	2	Proteine	1	[{"added": {}}]	8	1
7	2025-10-29 22:56:25.245291+02	2	GymBeam	1	[{"added": {}}]	7	1
8	2025-10-29 22:57:05.564224+02	1	Vitamina B12	1	[{"added": {}}]	12	1
9	2025-10-29 22:58:48.852829+02	2	Lapte	1	[{"added": {}}]	12	1
10	2025-10-29 23:00:57.577384+02	3	Minerale	1	[{"added": {}}]	8	1
11	2025-10-29 23:01:05.097359+02	2	Electrolyte Hydration Tabs	1	[{"added": {}}]	9	1
12	2025-10-29 23:01:58.881644+02	3	ZMA Recovery Formula	1	[{"added": {}}]	9	1
13	2025-10-29 23:02:57.260304+02	4	Mass Gainer XXL 6000	1	[{"added": {}}]	9	1
14	2025-10-29 23:03:51.494751+02	4	Aminoacizi	1	[{"added": {}}]	8	1
15	2025-10-29 23:03:54.853113+02	5	Glutamine Pure Micronized	1	[{"added": {}}]	9	1
16	2025-10-29 23:04:59.457328+02	6	BCAA 2:1:1 Instant Powder	1	[{"added": {}}]	9	1
17	2025-10-29 23:05:29.382257+02	5	Pre-workout	1	[{"added": {}}]	8	1
18	2025-10-29 23:06:08.962328+02	3	FitNutrition	1	[{"added": {}}]	7	1
19	2025-10-29 23:06:11.942476+02	7	Pre-Workout Nitro Surge	1	[{"added": {}}]	9	1
20	2025-10-29 23:06:50.486796+02	8	Vitamins Pack Daily Formula	1	[{"added": {}}]	9	1
21	2025-10-29 23:07:42.766043+02	6	Creatine	1	[{"added": {}}]	8	1
22	2025-10-29 23:08:08.137261+02	9	Creatină Xplode 5000	1	[{"added": {}}]	9	1
23	2025-10-29 23:08:56.269863+02	10	Omega 3 Fish Oil 1000mg	1	[{"added": {}}]	9	1
24	2025-10-29 23:10:24.477549+02	2	Omega 3 Fish Oil 1000mg (+30)	1	[{"added": {}}]	10	1
25	2025-10-29 23:12:10.643595+02	1	Black Friday (-25%)	1	[{"added": {}}]	11	1
26	2025-10-29 23:14:52.885955+02	2	Pachet An Nou - Detox & Energie (-15%)	1	[{"added": {}}]	11	1
27	2025-10-29 23:15:05.821756+02	1	Black Friday (-25.00%)	2	[{"changed": {"fields": ["Produse"]}}]	11	1
28	2025-10-29 23:15:21.959101+02	1	Black Friday (-25.00%)	2	[{"changed": {"fields": ["Produse"]}}]	11	1
29	2025-11-03 12:28:34.688015+02	6	Creatine	2	[{"changed": {"fields": ["Icon"]}}]	8	1
30	2025-11-03 12:28:45.587186+02	5	Pre-workout	2	[{"changed": {"fields": ["Icon"]}}]	8	1
31	2025-11-03 12:28:54.527349+02	4	Aminoacizi	2	[{"changed": {"fields": ["Icon"]}}]	8	1
32	2025-11-03 12:29:05.100507+02	2	Proteine	2	[{"changed": {"fields": ["Icon"]}}]	8	1
33	2025-11-03 12:29:13.096637+02	1	Vitamine	2	[{"changed": {"fields": ["Icon"]}}]	8	1
34	2025-11-03 12:29:22.532771+02	3	Minerale	2	[{"changed": {"fields": ["Icon"]}}]	8	1
35	2025-11-03 12:37:34.482324+02	6	Creatine	2	[{"changed": {"fields": ["Culoare"]}}]	8	1
36	2025-11-03 12:37:45.451007+02	5	Pre-workout	2	[{"changed": {"fields": ["Culoare"]}}]	8	1
37	2025-11-03 12:37:48.065218+02	5	Pre-workout	2	[]	8	1
38	2025-11-03 12:37:59.169554+02	4	Aminoacizi	2	[{"changed": {"fields": ["Culoare"]}}]	8	1
39	2025-11-03 12:38:07.662539+02	3	Minerale	2	[{"changed": {"fields": ["Culoare"]}}]	8	1
40	2025-11-03 12:38:15.267852+02	2	Proteine	2	[{"changed": {"fields": ["Culoare"]}}]	8	1
41	2025-11-03 12:38:19.376387+02	1	Vitamine	2	[{"changed": {"fields": ["Culoare"]}}]	8	1
42	2025-11-03 17:06:54.433101+02	1	Proteina Whey Gold	2	[{"changed": {"fields": ["Categorie"]}}]	9	1
43	2025-11-12 21:21:22.977241+02	1	ariscoi	1	[{"added": {}}]	17	1
44	2025-11-12 21:21:42.613523+02	1	Review de la ariscoi pentru Mass Gainer XXL 6000	1	[{"added": {}}]	18	1
45	2025-11-12 21:21:56.703484+02	1	Puncte ariscoi - 200	1	[{"added": {}}]	16	1
46	2025-11-12 21:22:26.695287+02	1	Comanda #1 - ariscoi	1	[{"added": {}}]	15	1
47	2025-11-13 10:23:03.827661+02	1	ariscoi	3		17	1
\.


--
-- Data for Name: django_content_type; Type: TABLE DATA; Schema: django; Owner: aris
--

COPY django.django_content_type (id, app_label, model) FROM stdin;
1	admin	logentry
2	auth	permission
3	auth	group
4	auth	user
5	contenttypes	contenttype
6	sessions	session
7	magazin_app	furnizor
8	magazin_app	categorie
9	magazin_app	produs
10	magazin_app	inventar
11	magazin_app	promotie
12	magazin_app	ingredient
13	magazin_app	organizator
14	magazin_app	locatie
15	magazin_app	comanda
16	magazin_app	punctefidelitate
17	magazin_app	user
18	magazin_app	review
19	magazin_app	comandaprodus
\.


--
-- Data for Name: django_migrations; Type: TABLE DATA; Schema: django; Owner: aris
--

COPY django.django_migrations (id, app, name, applied) FROM stdin;
1	contenttypes	0001_initial	2025-10-18 13:48:40.857128+03
2	auth	0001_initial	2025-10-18 13:48:40.919842+03
3	admin	0001_initial	2025-10-18 13:48:40.936647+03
4	admin	0002_logentry_remove_auto_add	2025-10-18 13:48:40.941461+03
5	admin	0003_logentry_add_action_flag_choices	2025-10-18 13:48:40.946455+03
6	contenttypes	0002_remove_content_type_name	2025-10-18 13:48:40.956395+03
7	auth	0002_alter_permission_name_max_length	2025-10-18 13:48:40.962105+03
8	auth	0003_alter_user_email_max_length	2025-10-18 13:48:40.966468+03
9	auth	0004_alter_user_username_opts	2025-10-18 13:48:40.969832+03
10	auth	0005_alter_user_last_login_null	2025-10-18 13:48:40.973868+03
11	auth	0006_require_contenttypes_0002	2025-10-18 13:48:40.975522+03
12	auth	0007_alter_validators_add_error_messages	2025-10-18 13:48:40.980686+03
13	auth	0008_alter_user_username_max_length	2025-10-18 13:48:40.988874+03
14	auth	0009_alter_user_last_name_max_length	2025-10-18 13:48:40.995568+03
15	auth	0010_alter_group_name_max_length	2025-10-18 13:48:41.000748+03
16	auth	0011_update_proxy_permissions	2025-10-18 13:48:41.00495+03
17	auth	0012_alter_user_first_name_max_length	2025-10-18 13:48:41.011407+03
18	sessions	0001_initial	2025-10-18 13:48:41.018367+03
20	magazin_app	0002_locatie_organizator	2025-10-23 09:26:09.278791+03
21	magazin_app	0002_remove_produs_produs_id_produs_id	2025-10-29 20:15:29.545434+02
22	magazin_app	0001_initial	2025-10-29 21:13:06.782599+02
23	magazin_app	0002_remove_categorie_id_remove_furnizor_id_and_more	2025-10-29 21:13:06.997989+02
24	magazin_app	0003_categorie_icon	2025-11-03 12:26:51.228285+02
25	magazin_app	0004_categorie_culoare	2025-11-03 12:36:07.677512+02
26	magazin_app	0005_comanda_user_comandaprodus_comanda_produse_review_and_more	2025-11-12 20:55:06.983006+02
27	magazin_app	0006_remove_comandaprodus	2025-11-12 21:13:50.925311+02
28	magazin_app	0007_comanda_produse	2025-11-12 21:14:43.367371+02
29	magazin_app	0008_user_cod_user_email_confirmat	2025-11-13 10:30:23.705215+02
\.


--
-- Data for Name: django_session; Type: TABLE DATA; Schema: django; Owner: aris
--

COPY django.django_session (session_key, session_data, expire_date) FROM stdin;
ubnw9w7nbqfx0rk4dasgkc9burc5b6ol	.eJxVjDsOwyAQBe9CHSGw-aZM7zOgZVmCkwgkY1dR7h5bcpG0b2bemwXY1hK2TkuYE7syyS6_WwR8Uj1AekC9N46trssc-aHwk3Y-tUSv2-n-HRToZa9JelLeokDyTuoYjVQ0ejI2Cg9DckjZaqk1Ihkk51BkkUY9ZGX2zrDPF-ycN_I:1vEAsI:CFAg9xQKkl98rYdgzjo1sMUTPKDBWqn6RiFOJvaa4qY	2025-11-12 20:26:22.373293+02
d0bsumieugry61q7vbc2upwqfjhclhcs	.eJxVj8tuhSAQhl_FsPYQUPG2appuu-l5ADLCqLQCJ6AnvaTvXjSmyVkN-f7_mww_ZIsYpNGkL_Lj7cAi6QkEE-U3zGkCyQlaMMuJ6YmflLN3qrxN-QoBUvzmLbhDAB0w7ui6BtCQXcF6s0D2slmzhi1zgXKWendzI30CmJPFTxNqaZyENYkFK8SF8wsvM8561vZC0K5qm0OTEWM03kn8vJnwRXqWGGzrLP__Qzh5YAOoD3R7oN_BTT5d7tZgBrpX6JlG-uo1Ls9n92HBDHFONvIOq65RTGHXcjEMNa-w7LBuBtZBoVuFYyO4EEphrbBtFRuZLkUxVnXyavL7B8XWeH0:1vJSbI:b2oGNDI5cIT-lDSv93py1wdZ-PsrlRfyAGrNBHPz4Ig	2025-11-27 10:22:40.71261+02
\.


--
-- Data for Name: magazin_app_categorie; Type: TABLE DATA; Schema: django; Owner: aris
--

COPY django.magazin_app_categorie (name, description, status, categorie_id, icon, culoare) FROM stdin;
Creatine	creatine	activ	6	fa-solid fa-bolt	yellow
Pre-workout	pre-workout	activ	5	fa-solid fa-fire-flame-simple	orange
Aminoacizi	aminoacizi	activ	4	fa-solid fa-dna	purple
Minerale	idk	activ	3	fa-solid fa-gem	blue
Proteine	bla bla	activ	2	fa-solid fa-dumbbell	grey
Vitamine	bla bla	activ	1	fa-solid fa-apple-whole	red
\.


--
-- Data for Name: magazin_app_comanda; Type: TABLE DATA; Schema: django; Owner: aris
--

COPY django.magazin_app_comanda (comanda_id, valoare, tip_ambalaj, curier, user_id) FROM stdin;
\.


--
-- Data for Name: magazin_app_comanda_produse; Type: TABLE DATA; Schema: django; Owner: aris
--

COPY django.magazin_app_comanda_produse (id, comanda_id, produs_id) FROM stdin;
\.


--
-- Data for Name: magazin_app_furnizor; Type: TABLE DATA; Schema: django; Owner: aris
--

COPY django.magazin_app_furnizor (name, email, is_active, furnizor_id) FROM stdin;
MyProtein	myprotein@myprotein.com	t	1
GymBeam	gymbeam@gymbeam.com	t	2
FitNutrition	fitnutrition@fitnutrition.com	t	3
\.


--
-- Data for Name: magazin_app_ingredient; Type: TABLE DATA; Schema: django; Owner: aris
--

COPY django.magazin_app_ingredient (name, benefit, protein_per_100g, country_from, ingredient_id) FROM stdin;
Vitamina B12	Ajuta la cresterea masei musculare	89.00	Olanda	1
Lapte	Contribuie la creșterea masei musculare și la refacerea rapidă după antrenament	90.00	Romania	2
\.


--
-- Data for Name: magazin_app_ingredient_produse; Type: TABLE DATA; Schema: django; Owner: aris
--

COPY django.magazin_app_ingredient_produse (id, ingredient_id, produs_id) FROM stdin;
1	1	1
2	2	1
\.


--
-- Data for Name: magazin_app_inventar; Type: TABLE DATA; Schema: django; Owner: aris
--

COPY django.magazin_app_inventar (cantitate, modif, date_modif, produs_id, inventar_id) FROM stdin;
5	buy	2025-10-29 21:15:22.462897+02	1	1
30	buy	2025-10-29 23:10:24.47495+02	10	2
\.


--
-- Data for Name: magazin_app_locatie; Type: TABLE DATA; Schema: django; Owner: aris
--

COPY django.magazin_app_locatie (adresa, oras, judet, cod_postal, nr, locatie_id) FROM stdin;
\.


--
-- Data for Name: magazin_app_organizator; Type: TABLE DATA; Schema: django; Owner: aris
--

COPY django.magazin_app_organizator (nume, email, organizator_id) FROM stdin;
\.


--
-- Data for Name: magazin_app_produs; Type: TABLE DATA; Schema: django; Owner: aris
--

COPY django.magazin_app_produs (name, price, stock_quantity, is_active, weight, categorie_id, furnizor_id, produs_id) FROM stdin;
Electrolyte Hydration Tabs	59.90	50	t	100	3	2	2
ZMA Recovery Formula	89.50	22	t	180	3	1	3
Mass Gainer XXL 6000	239.00	8	t	5000	2	1	4
Glutamine Pure Micronized	109.00	15	t	600	4	2	5
BCAA 2:1:1 Instant Powder	150.00	20	t	400	4	1	6
Pre-Workout Nitro Surge	159.00	12	t	250	5	3	7
Vitamins Pack Daily Formula	99.99	25	t	200	1	3	8
Creatină Xplode 5000	129.99	15	t	500	6	3	9
Omega 3 Fish Oil 1000mg	89.99	30	t	300	1	1	10
Proteina Whey Gold	199.99	5	t	300	2	1	1
\.


--
-- Data for Name: magazin_app_promotie; Type: TABLE DATA; Schema: django; Owner: aris
--

COPY django.magazin_app_promotie (name, discount_percentage, start_date, end_date, promotie_id) FROM stdin;
Pachet An Nou - Detox & Energie	15.00	2026-01-01	2026-01-07	2
Black Friday	25.00	2025-11-22	2025-11-30	1
\.


--
-- Data for Name: magazin_app_promotie_produse; Type: TABLE DATA; Schema: django; Owner: aris
--

COPY django.magazin_app_promotie_produse (id, promotie_id, produs_id) FROM stdin;
3	2	8
4	2	10
5	1	1
6	1	4
7	1	6
\.


--
-- Data for Name: magazin_app_punctefidelitate; Type: TABLE DATA; Schema: django; Owner: aris
--

COPY django.magazin_app_punctefidelitate (id_puncte, data_comenzii, data_revendicarii, multiplicator, puncte_castigate, user_id) FROM stdin;
\.


--
-- Data for Name: magazin_app_review; Type: TABLE DATA; Schema: django; Owner: aris
--

COPY django.magazin_app_review (review_id, tip, mesaj, produs_id, user_id) FROM stdin;
\.


--
-- Data for Name: magazin_app_user; Type: TABLE DATA; Schema: django; Owner: aris
--

COPY django.magazin_app_user (id_user, username, nr_tel, parola, email, data_nasterii, vip, adresa, tara, cod, email_confirmat) FROM stdin;
2	aris_zaharia	0758428900	Barbarian1	aris.zaharia@cnmv.com	2005-12-19	t	Strada Samoila Dumitru nr.10	Romania	\N	f
\.


--
-- Name: auth_group_id_seq; Type: SEQUENCE SET; Schema: django; Owner: aris
--

SELECT pg_catalog.setval('django.auth_group_id_seq', 1, false);


--
-- Name: auth_group_permissions_id_seq; Type: SEQUENCE SET; Schema: django; Owner: aris
--

SELECT pg_catalog.setval('django.auth_group_permissions_id_seq', 1, false);


--
-- Name: auth_permission_id_seq; Type: SEQUENCE SET; Schema: django; Owner: aris
--

SELECT pg_catalog.setval('django.auth_permission_id_seq', 76, true);


--
-- Name: auth_user_groups_id_seq; Type: SEQUENCE SET; Schema: django; Owner: aris
--

SELECT pg_catalog.setval('django.auth_user_groups_id_seq', 1, false);


--
-- Name: auth_user_id_seq; Type: SEQUENCE SET; Schema: django; Owner: aris
--

SELECT pg_catalog.setval('django.auth_user_id_seq', 1, true);


--
-- Name: auth_user_user_permissions_id_seq; Type: SEQUENCE SET; Schema: django; Owner: aris
--

SELECT pg_catalog.setval('django.auth_user_user_permissions_id_seq', 1, false);


--
-- Name: django_admin_log_id_seq; Type: SEQUENCE SET; Schema: django; Owner: aris
--

SELECT pg_catalog.setval('django.django_admin_log_id_seq', 47, true);


--
-- Name: django_content_type_id_seq; Type: SEQUENCE SET; Schema: django; Owner: aris
--

SELECT pg_catalog.setval('django.django_content_type_id_seq', 19, true);


--
-- Name: django_migrations_id_seq; Type: SEQUENCE SET; Schema: django; Owner: aris
--

SELECT pg_catalog.setval('django.django_migrations_id_seq', 29, true);


--
-- Name: magazin_app_categorie_categorie_id_seq; Type: SEQUENCE SET; Schema: django; Owner: aris
--

SELECT pg_catalog.setval('django.magazin_app_categorie_categorie_id_seq', 6, true);


--
-- Name: magazin_app_comanda_comanda_id_seq; Type: SEQUENCE SET; Schema: django; Owner: aris
--

SELECT pg_catalog.setval('django.magazin_app_comanda_comanda_id_seq', 1, true);


--
-- Name: magazin_app_comanda_produse_id_seq; Type: SEQUENCE SET; Schema: django; Owner: aris
--

SELECT pg_catalog.setval('django.magazin_app_comanda_produse_id_seq', 3, true);


--
-- Name: magazin_app_furnizor_furnizor_id_seq; Type: SEQUENCE SET; Schema: django; Owner: aris
--

SELECT pg_catalog.setval('django.magazin_app_furnizor_furnizor_id_seq', 3, true);


--
-- Name: magazin_app_ingredient_ingredient_id_seq; Type: SEQUENCE SET; Schema: django; Owner: aris
--

SELECT pg_catalog.setval('django.magazin_app_ingredient_ingredient_id_seq', 2, true);


--
-- Name: magazin_app_ingredient_produse_id_seq; Type: SEQUENCE SET; Schema: django; Owner: aris
--

SELECT pg_catalog.setval('django.magazin_app_ingredient_produse_id_seq', 2, true);


--
-- Name: magazin_app_inventar_inventar_id_seq; Type: SEQUENCE SET; Schema: django; Owner: aris
--

SELECT pg_catalog.setval('django.magazin_app_inventar_inventar_id_seq', 2, true);


--
-- Name: magazin_app_locatie_locatie_id_seq; Type: SEQUENCE SET; Schema: django; Owner: aris
--

SELECT pg_catalog.setval('django.magazin_app_locatie_locatie_id_seq', 1, false);


--
-- Name: magazin_app_organizator_organizator_id_seq; Type: SEQUENCE SET; Schema: django; Owner: aris
--

SELECT pg_catalog.setval('django.magazin_app_organizator_organizator_id_seq', 1, false);


--
-- Name: magazin_app_produs_produs_id_seq; Type: SEQUENCE SET; Schema: django; Owner: aris
--

SELECT pg_catalog.setval('django.magazin_app_produs_produs_id_seq', 10, true);


--
-- Name: magazin_app_promotie_produse_id_seq; Type: SEQUENCE SET; Schema: django; Owner: aris
--

SELECT pg_catalog.setval('django.magazin_app_promotie_produse_id_seq', 7, true);


--
-- Name: magazin_app_promotie_promotie_id_seq; Type: SEQUENCE SET; Schema: django; Owner: aris
--

SELECT pg_catalog.setval('django.magazin_app_promotie_promotie_id_seq', 2, true);


--
-- Name: magazin_app_punctefidelitate_id_puncte_seq; Type: SEQUENCE SET; Schema: django; Owner: aris
--

SELECT pg_catalog.setval('django.magazin_app_punctefidelitate_id_puncte_seq', 1, true);


--
-- Name: magazin_app_review_review_id_seq; Type: SEQUENCE SET; Schema: django; Owner: aris
--

SELECT pg_catalog.setval('django.magazin_app_review_review_id_seq', 1, true);


--
-- Name: magazin_app_user_id_user_seq; Type: SEQUENCE SET; Schema: django; Owner: aris
--

SELECT pg_catalog.setval('django.magazin_app_user_id_user_seq', 2, true);


--
-- Name: auth_group auth_group_name_key; Type: CONSTRAINT; Schema: django; Owner: aris
--

ALTER TABLE ONLY django.auth_group
    ADD CONSTRAINT auth_group_name_key UNIQUE (name);


--
-- Name: auth_group_permissions auth_group_permissions_group_id_permission_id_0cd325b0_uniq; Type: CONSTRAINT; Schema: django; Owner: aris
--

ALTER TABLE ONLY django.auth_group_permissions
    ADD CONSTRAINT auth_group_permissions_group_id_permission_id_0cd325b0_uniq UNIQUE (group_id, permission_id);


--
-- Name: auth_group_permissions auth_group_permissions_pkey; Type: CONSTRAINT; Schema: django; Owner: aris
--

ALTER TABLE ONLY django.auth_group_permissions
    ADD CONSTRAINT auth_group_permissions_pkey PRIMARY KEY (id);


--
-- Name: auth_group auth_group_pkey; Type: CONSTRAINT; Schema: django; Owner: aris
--

ALTER TABLE ONLY django.auth_group
    ADD CONSTRAINT auth_group_pkey PRIMARY KEY (id);


--
-- Name: auth_permission auth_permission_content_type_id_codename_01ab375a_uniq; Type: CONSTRAINT; Schema: django; Owner: aris
--

ALTER TABLE ONLY django.auth_permission
    ADD CONSTRAINT auth_permission_content_type_id_codename_01ab375a_uniq UNIQUE (content_type_id, codename);


--
-- Name: auth_permission auth_permission_pkey; Type: CONSTRAINT; Schema: django; Owner: aris
--

ALTER TABLE ONLY django.auth_permission
    ADD CONSTRAINT auth_permission_pkey PRIMARY KEY (id);


--
-- Name: auth_user_groups auth_user_groups_pkey; Type: CONSTRAINT; Schema: django; Owner: aris
--

ALTER TABLE ONLY django.auth_user_groups
    ADD CONSTRAINT auth_user_groups_pkey PRIMARY KEY (id);


--
-- Name: auth_user_groups auth_user_groups_user_id_group_id_94350c0c_uniq; Type: CONSTRAINT; Schema: django; Owner: aris
--

ALTER TABLE ONLY django.auth_user_groups
    ADD CONSTRAINT auth_user_groups_user_id_group_id_94350c0c_uniq UNIQUE (user_id, group_id);


--
-- Name: auth_user auth_user_pkey; Type: CONSTRAINT; Schema: django; Owner: aris
--

ALTER TABLE ONLY django.auth_user
    ADD CONSTRAINT auth_user_pkey PRIMARY KEY (id);


--
-- Name: auth_user_user_permissions auth_user_user_permissions_pkey; Type: CONSTRAINT; Schema: django; Owner: aris
--

ALTER TABLE ONLY django.auth_user_user_permissions
    ADD CONSTRAINT auth_user_user_permissions_pkey PRIMARY KEY (id);


--
-- Name: auth_user_user_permissions auth_user_user_permissions_user_id_permission_id_14a6b632_uniq; Type: CONSTRAINT; Schema: django; Owner: aris
--

ALTER TABLE ONLY django.auth_user_user_permissions
    ADD CONSTRAINT auth_user_user_permissions_user_id_permission_id_14a6b632_uniq UNIQUE (user_id, permission_id);


--
-- Name: auth_user auth_user_username_key; Type: CONSTRAINT; Schema: django; Owner: aris
--

ALTER TABLE ONLY django.auth_user
    ADD CONSTRAINT auth_user_username_key UNIQUE (username);


--
-- Name: django_admin_log django_admin_log_pkey; Type: CONSTRAINT; Schema: django; Owner: aris
--

ALTER TABLE ONLY django.django_admin_log
    ADD CONSTRAINT django_admin_log_pkey PRIMARY KEY (id);


--
-- Name: django_content_type django_content_type_app_label_model_76bd3d3b_uniq; Type: CONSTRAINT; Schema: django; Owner: aris
--

ALTER TABLE ONLY django.django_content_type
    ADD CONSTRAINT django_content_type_app_label_model_76bd3d3b_uniq UNIQUE (app_label, model);


--
-- Name: django_content_type django_content_type_pkey; Type: CONSTRAINT; Schema: django; Owner: aris
--

ALTER TABLE ONLY django.django_content_type
    ADD CONSTRAINT django_content_type_pkey PRIMARY KEY (id);


--
-- Name: django_migrations django_migrations_pkey; Type: CONSTRAINT; Schema: django; Owner: aris
--

ALTER TABLE ONLY django.django_migrations
    ADD CONSTRAINT django_migrations_pkey PRIMARY KEY (id);


--
-- Name: django_session django_session_pkey; Type: CONSTRAINT; Schema: django; Owner: aris
--

ALTER TABLE ONLY django.django_session
    ADD CONSTRAINT django_session_pkey PRIMARY KEY (session_key);


--
-- Name: magazin_app_categorie magazin_app_categorie_pkey; Type: CONSTRAINT; Schema: django; Owner: aris
--

ALTER TABLE ONLY django.magazin_app_categorie
    ADD CONSTRAINT magazin_app_categorie_pkey PRIMARY KEY (categorie_id);


--
-- Name: magazin_app_comanda magazin_app_comanda_pkey; Type: CONSTRAINT; Schema: django; Owner: aris
--

ALTER TABLE ONLY django.magazin_app_comanda
    ADD CONSTRAINT magazin_app_comanda_pkey PRIMARY KEY (comanda_id);


--
-- Name: magazin_app_comanda_produse magazin_app_comanda_produse_comanda_id_produs_id_5989e5b5_uniq; Type: CONSTRAINT; Schema: django; Owner: aris
--

ALTER TABLE ONLY django.magazin_app_comanda_produse
    ADD CONSTRAINT magazin_app_comanda_produse_comanda_id_produs_id_5989e5b5_uniq UNIQUE (comanda_id, produs_id);


--
-- Name: magazin_app_comanda_produse magazin_app_comanda_produse_pkey; Type: CONSTRAINT; Schema: django; Owner: aris
--

ALTER TABLE ONLY django.magazin_app_comanda_produse
    ADD CONSTRAINT magazin_app_comanda_produse_pkey PRIMARY KEY (id);


--
-- Name: magazin_app_furnizor magazin_app_furnizor_pkey; Type: CONSTRAINT; Schema: django; Owner: aris
--

ALTER TABLE ONLY django.magazin_app_furnizor
    ADD CONSTRAINT magazin_app_furnizor_pkey PRIMARY KEY (furnizor_id);


--
-- Name: magazin_app_ingredient_produse magazin_app_ingredient_p_ingredient_id_produs_id_33421d9b_uniq; Type: CONSTRAINT; Schema: django; Owner: aris
--

ALTER TABLE ONLY django.magazin_app_ingredient_produse
    ADD CONSTRAINT magazin_app_ingredient_p_ingredient_id_produs_id_33421d9b_uniq UNIQUE (ingredient_id, produs_id);


--
-- Name: magazin_app_ingredient magazin_app_ingredient_pkey; Type: CONSTRAINT; Schema: django; Owner: aris
--

ALTER TABLE ONLY django.magazin_app_ingredient
    ADD CONSTRAINT magazin_app_ingredient_pkey PRIMARY KEY (ingredient_id);


--
-- Name: magazin_app_ingredient_produse magazin_app_ingredient_produse_pkey; Type: CONSTRAINT; Schema: django; Owner: aris
--

ALTER TABLE ONLY django.magazin_app_ingredient_produse
    ADD CONSTRAINT magazin_app_ingredient_produse_pkey PRIMARY KEY (id);


--
-- Name: magazin_app_inventar magazin_app_inventar_pkey; Type: CONSTRAINT; Schema: django; Owner: aris
--

ALTER TABLE ONLY django.magazin_app_inventar
    ADD CONSTRAINT magazin_app_inventar_pkey PRIMARY KEY (inventar_id);


--
-- Name: magazin_app_locatie magazin_app_locatie_pkey; Type: CONSTRAINT; Schema: django; Owner: aris
--

ALTER TABLE ONLY django.magazin_app_locatie
    ADD CONSTRAINT magazin_app_locatie_pkey PRIMARY KEY (locatie_id);


--
-- Name: magazin_app_organizator magazin_app_organizator_pkey; Type: CONSTRAINT; Schema: django; Owner: aris
--

ALTER TABLE ONLY django.magazin_app_organizator
    ADD CONSTRAINT magazin_app_organizator_pkey PRIMARY KEY (organizator_id);


--
-- Name: magazin_app_produs magazin_app_produs_pkey; Type: CONSTRAINT; Schema: django; Owner: aris
--

ALTER TABLE ONLY django.magazin_app_produs
    ADD CONSTRAINT magazin_app_produs_pkey PRIMARY KEY (produs_id);


--
-- Name: magazin_app_promotie magazin_app_promotie_pkey; Type: CONSTRAINT; Schema: django; Owner: aris
--

ALTER TABLE ONLY django.magazin_app_promotie
    ADD CONSTRAINT magazin_app_promotie_pkey PRIMARY KEY (promotie_id);


--
-- Name: magazin_app_promotie_produse magazin_app_promotie_pro_promotie_id_produs_id_b63e9252_uniq; Type: CONSTRAINT; Schema: django; Owner: aris
--

ALTER TABLE ONLY django.magazin_app_promotie_produse
    ADD CONSTRAINT magazin_app_promotie_pro_promotie_id_produs_id_b63e9252_uniq UNIQUE (promotie_id, produs_id);


--
-- Name: magazin_app_promotie_produse magazin_app_promotie_produse_pkey; Type: CONSTRAINT; Schema: django; Owner: aris
--

ALTER TABLE ONLY django.magazin_app_promotie_produse
    ADD CONSTRAINT magazin_app_promotie_produse_pkey PRIMARY KEY (id);


--
-- Name: magazin_app_punctefidelitate magazin_app_punctefidelitate_pkey; Type: CONSTRAINT; Schema: django; Owner: aris
--

ALTER TABLE ONLY django.magazin_app_punctefidelitate
    ADD CONSTRAINT magazin_app_punctefidelitate_pkey PRIMARY KEY (id_puncte);


--
-- Name: magazin_app_review magazin_app_review_pkey; Type: CONSTRAINT; Schema: django; Owner: aris
--

ALTER TABLE ONLY django.magazin_app_review
    ADD CONSTRAINT magazin_app_review_pkey PRIMARY KEY (review_id);


--
-- Name: magazin_app_user magazin_app_user_email_key; Type: CONSTRAINT; Schema: django; Owner: aris
--

ALTER TABLE ONLY django.magazin_app_user
    ADD CONSTRAINT magazin_app_user_email_key UNIQUE (email);


--
-- Name: magazin_app_user magazin_app_user_pkey; Type: CONSTRAINT; Schema: django; Owner: aris
--

ALTER TABLE ONLY django.magazin_app_user
    ADD CONSTRAINT magazin_app_user_pkey PRIMARY KEY (id_user);


--
-- Name: magazin_app_user magazin_app_user_username_key; Type: CONSTRAINT; Schema: django; Owner: aris
--

ALTER TABLE ONLY django.magazin_app_user
    ADD CONSTRAINT magazin_app_user_username_key UNIQUE (username);


--
-- Name: auth_group_name_a6ea08ec_like; Type: INDEX; Schema: django; Owner: aris
--

CREATE INDEX auth_group_name_a6ea08ec_like ON django.auth_group USING btree (name varchar_pattern_ops);


--
-- Name: auth_group_permissions_group_id_b120cbf9; Type: INDEX; Schema: django; Owner: aris
--

CREATE INDEX auth_group_permissions_group_id_b120cbf9 ON django.auth_group_permissions USING btree (group_id);


--
-- Name: auth_group_permissions_permission_id_84c5c92e; Type: INDEX; Schema: django; Owner: aris
--

CREATE INDEX auth_group_permissions_permission_id_84c5c92e ON django.auth_group_permissions USING btree (permission_id);


--
-- Name: auth_permission_content_type_id_2f476e4b; Type: INDEX; Schema: django; Owner: aris
--

CREATE INDEX auth_permission_content_type_id_2f476e4b ON django.auth_permission USING btree (content_type_id);


--
-- Name: auth_user_groups_group_id_97559544; Type: INDEX; Schema: django; Owner: aris
--

CREATE INDEX auth_user_groups_group_id_97559544 ON django.auth_user_groups USING btree (group_id);


--
-- Name: auth_user_groups_user_id_6a12ed8b; Type: INDEX; Schema: django; Owner: aris
--

CREATE INDEX auth_user_groups_user_id_6a12ed8b ON django.auth_user_groups USING btree (user_id);


--
-- Name: auth_user_user_permissions_permission_id_1fbb5f2c; Type: INDEX; Schema: django; Owner: aris
--

CREATE INDEX auth_user_user_permissions_permission_id_1fbb5f2c ON django.auth_user_user_permissions USING btree (permission_id);


--
-- Name: auth_user_user_permissions_user_id_a95ead1b; Type: INDEX; Schema: django; Owner: aris
--

CREATE INDEX auth_user_user_permissions_user_id_a95ead1b ON django.auth_user_user_permissions USING btree (user_id);


--
-- Name: auth_user_username_6821ab7c_like; Type: INDEX; Schema: django; Owner: aris
--

CREATE INDEX auth_user_username_6821ab7c_like ON django.auth_user USING btree (username varchar_pattern_ops);


--
-- Name: django_admin_log_content_type_id_c4bce8eb; Type: INDEX; Schema: django; Owner: aris
--

CREATE INDEX django_admin_log_content_type_id_c4bce8eb ON django.django_admin_log USING btree (content_type_id);


--
-- Name: django_admin_log_user_id_c564eba6; Type: INDEX; Schema: django; Owner: aris
--

CREATE INDEX django_admin_log_user_id_c564eba6 ON django.django_admin_log USING btree (user_id);


--
-- Name: django_session_expire_date_a5c62663; Type: INDEX; Schema: django; Owner: aris
--

CREATE INDEX django_session_expire_date_a5c62663 ON django.django_session USING btree (expire_date);


--
-- Name: django_session_session_key_c0390e0f_like; Type: INDEX; Schema: django; Owner: aris
--

CREATE INDEX django_session_session_key_c0390e0f_like ON django.django_session USING btree (session_key varchar_pattern_ops);


--
-- Name: magazin_app_comanda_produse_comanda_id_e6670907; Type: INDEX; Schema: django; Owner: aris
--

CREATE INDEX magazin_app_comanda_produse_comanda_id_e6670907 ON django.magazin_app_comanda_produse USING btree (comanda_id);


--
-- Name: magazin_app_comanda_produse_produs_id_aad1dd50; Type: INDEX; Schema: django; Owner: aris
--

CREATE INDEX magazin_app_comanda_produse_produs_id_aad1dd50 ON django.magazin_app_comanda_produse USING btree (produs_id);


--
-- Name: magazin_app_comanda_user_id_8e102839; Type: INDEX; Schema: django; Owner: aris
--

CREATE INDEX magazin_app_comanda_user_id_8e102839 ON django.magazin_app_comanda USING btree (user_id);


--
-- Name: magazin_app_ingredient_produse_ingredient_id_3c0dc7e0; Type: INDEX; Schema: django; Owner: aris
--

CREATE INDEX magazin_app_ingredient_produse_ingredient_id_3c0dc7e0 ON django.magazin_app_ingredient_produse USING btree (ingredient_id);


--
-- Name: magazin_app_ingredient_produse_produs_id_fcb6993c; Type: INDEX; Schema: django; Owner: aris
--

CREATE INDEX magazin_app_ingredient_produse_produs_id_fcb6993c ON django.magazin_app_ingredient_produse USING btree (produs_id);


--
-- Name: magazin_app_inventar_produs_id_fb623f02; Type: INDEX; Schema: django; Owner: aris
--

CREATE INDEX magazin_app_inventar_produs_id_fb623f02 ON django.magazin_app_inventar USING btree (produs_id);


--
-- Name: magazin_app_produs_categorie_id_c8fc157a; Type: INDEX; Schema: django; Owner: aris
--

CREATE INDEX magazin_app_produs_categorie_id_c8fc157a ON django.magazin_app_produs USING btree (categorie_id);


--
-- Name: magazin_app_produs_furnizor_id_2dfc409d; Type: INDEX; Schema: django; Owner: aris
--

CREATE INDEX magazin_app_produs_furnizor_id_2dfc409d ON django.magazin_app_produs USING btree (furnizor_id);


--
-- Name: magazin_app_promotie_produse_produs_id_2b838ede; Type: INDEX; Schema: django; Owner: aris
--

CREATE INDEX magazin_app_promotie_produse_produs_id_2b838ede ON django.magazin_app_promotie_produse USING btree (produs_id);


--
-- Name: magazin_app_promotie_produse_promotie_id_c6ad9c33; Type: INDEX; Schema: django; Owner: aris
--

CREATE INDEX magazin_app_promotie_produse_promotie_id_c6ad9c33 ON django.magazin_app_promotie_produse USING btree (promotie_id);


--
-- Name: magazin_app_punctefidelitate_user_id_ffa1de0d; Type: INDEX; Schema: django; Owner: aris
--

CREATE INDEX magazin_app_punctefidelitate_user_id_ffa1de0d ON django.magazin_app_punctefidelitate USING btree (user_id);


--
-- Name: magazin_app_review_produs_id_990f0043; Type: INDEX; Schema: django; Owner: aris
--

CREATE INDEX magazin_app_review_produs_id_990f0043 ON django.magazin_app_review USING btree (produs_id);


--
-- Name: magazin_app_review_user_id_300e7077; Type: INDEX; Schema: django; Owner: aris
--

CREATE INDEX magazin_app_review_user_id_300e7077 ON django.magazin_app_review USING btree (user_id);


--
-- Name: magazin_app_user_email_54fc3345_like; Type: INDEX; Schema: django; Owner: aris
--

CREATE INDEX magazin_app_user_email_54fc3345_like ON django.magazin_app_user USING btree (email varchar_pattern_ops);


--
-- Name: magazin_app_user_username_1ea6ac10_like; Type: INDEX; Schema: django; Owner: aris
--

CREATE INDEX magazin_app_user_username_1ea6ac10_like ON django.magazin_app_user USING btree (username varchar_pattern_ops);


--
-- Name: auth_group_permissions auth_group_permissio_permission_id_84c5c92e_fk_auth_perm; Type: FK CONSTRAINT; Schema: django; Owner: aris
--

ALTER TABLE ONLY django.auth_group_permissions
    ADD CONSTRAINT auth_group_permissio_permission_id_84c5c92e_fk_auth_perm FOREIGN KEY (permission_id) REFERENCES django.auth_permission(id) DEFERRABLE INITIALLY DEFERRED;


--
-- Name: auth_group_permissions auth_group_permissions_group_id_b120cbf9_fk_auth_group_id; Type: FK CONSTRAINT; Schema: django; Owner: aris
--

ALTER TABLE ONLY django.auth_group_permissions
    ADD CONSTRAINT auth_group_permissions_group_id_b120cbf9_fk_auth_group_id FOREIGN KEY (group_id) REFERENCES django.auth_group(id) DEFERRABLE INITIALLY DEFERRED;


--
-- Name: auth_permission auth_permission_content_type_id_2f476e4b_fk_django_co; Type: FK CONSTRAINT; Schema: django; Owner: aris
--

ALTER TABLE ONLY django.auth_permission
    ADD CONSTRAINT auth_permission_content_type_id_2f476e4b_fk_django_co FOREIGN KEY (content_type_id) REFERENCES django.django_content_type(id) DEFERRABLE INITIALLY DEFERRED;


--
-- Name: auth_user_groups auth_user_groups_group_id_97559544_fk_auth_group_id; Type: FK CONSTRAINT; Schema: django; Owner: aris
--

ALTER TABLE ONLY django.auth_user_groups
    ADD CONSTRAINT auth_user_groups_group_id_97559544_fk_auth_group_id FOREIGN KEY (group_id) REFERENCES django.auth_group(id) DEFERRABLE INITIALLY DEFERRED;


--
-- Name: auth_user_groups auth_user_groups_user_id_6a12ed8b_fk_auth_user_id; Type: FK CONSTRAINT; Schema: django; Owner: aris
--

ALTER TABLE ONLY django.auth_user_groups
    ADD CONSTRAINT auth_user_groups_user_id_6a12ed8b_fk_auth_user_id FOREIGN KEY (user_id) REFERENCES django.auth_user(id) DEFERRABLE INITIALLY DEFERRED;


--
-- Name: auth_user_user_permissions auth_user_user_permi_permission_id_1fbb5f2c_fk_auth_perm; Type: FK CONSTRAINT; Schema: django; Owner: aris
--

ALTER TABLE ONLY django.auth_user_user_permissions
    ADD CONSTRAINT auth_user_user_permi_permission_id_1fbb5f2c_fk_auth_perm FOREIGN KEY (permission_id) REFERENCES django.auth_permission(id) DEFERRABLE INITIALLY DEFERRED;


--
-- Name: auth_user_user_permissions auth_user_user_permissions_user_id_a95ead1b_fk_auth_user_id; Type: FK CONSTRAINT; Schema: django; Owner: aris
--

ALTER TABLE ONLY django.auth_user_user_permissions
    ADD CONSTRAINT auth_user_user_permissions_user_id_a95ead1b_fk_auth_user_id FOREIGN KEY (user_id) REFERENCES django.auth_user(id) DEFERRABLE INITIALLY DEFERRED;


--
-- Name: django_admin_log django_admin_log_content_type_id_c4bce8eb_fk_django_co; Type: FK CONSTRAINT; Schema: django; Owner: aris
--

ALTER TABLE ONLY django.django_admin_log
    ADD CONSTRAINT django_admin_log_content_type_id_c4bce8eb_fk_django_co FOREIGN KEY (content_type_id) REFERENCES django.django_content_type(id) DEFERRABLE INITIALLY DEFERRED;


--
-- Name: django_admin_log django_admin_log_user_id_c564eba6_fk_auth_user_id; Type: FK CONSTRAINT; Schema: django; Owner: aris
--

ALTER TABLE ONLY django.django_admin_log
    ADD CONSTRAINT django_admin_log_user_id_c564eba6_fk_auth_user_id FOREIGN KEY (user_id) REFERENCES django.auth_user(id) DEFERRABLE INITIALLY DEFERRED;


--
-- Name: magazin_app_comanda_produse magazin_app_comanda__comanda_id_e6670907_fk_magazin_a; Type: FK CONSTRAINT; Schema: django; Owner: aris
--

ALTER TABLE ONLY django.magazin_app_comanda_produse
    ADD CONSTRAINT magazin_app_comanda__comanda_id_e6670907_fk_magazin_a FOREIGN KEY (comanda_id) REFERENCES django.magazin_app_comanda(comanda_id) DEFERRABLE INITIALLY DEFERRED;


--
-- Name: magazin_app_comanda_produse magazin_app_comanda__produs_id_aad1dd50_fk_magazin_a; Type: FK CONSTRAINT; Schema: django; Owner: aris
--

ALTER TABLE ONLY django.magazin_app_comanda_produse
    ADD CONSTRAINT magazin_app_comanda__produs_id_aad1dd50_fk_magazin_a FOREIGN KEY (produs_id) REFERENCES django.magazin_app_produs(produs_id) DEFERRABLE INITIALLY DEFERRED;


--
-- Name: magazin_app_comanda magazin_app_comanda_user_id_8e102839_fk_magazin_a; Type: FK CONSTRAINT; Schema: django; Owner: aris
--

ALTER TABLE ONLY django.magazin_app_comanda
    ADD CONSTRAINT magazin_app_comanda_user_id_8e102839_fk_magazin_a FOREIGN KEY (user_id) REFERENCES django.magazin_app_user(id_user) DEFERRABLE INITIALLY DEFERRED;


--
-- Name: magazin_app_punctefidelitate magazin_app_punctefi_user_id_ffa1de0d_fk_magazin_a; Type: FK CONSTRAINT; Schema: django; Owner: aris
--

ALTER TABLE ONLY django.magazin_app_punctefidelitate
    ADD CONSTRAINT magazin_app_punctefi_user_id_ffa1de0d_fk_magazin_a FOREIGN KEY (user_id) REFERENCES django.magazin_app_user(id_user) DEFERRABLE INITIALLY DEFERRED;


--
-- Name: magazin_app_review magazin_app_review_produs_id_990f0043_fk_magazin_a; Type: FK CONSTRAINT; Schema: django; Owner: aris
--

ALTER TABLE ONLY django.magazin_app_review
    ADD CONSTRAINT magazin_app_review_produs_id_990f0043_fk_magazin_a FOREIGN KEY (produs_id) REFERENCES django.magazin_app_produs(produs_id) DEFERRABLE INITIALLY DEFERRED;


--
-- Name: magazin_app_review magazin_app_review_user_id_300e7077_fk_magazin_app_user_id_user; Type: FK CONSTRAINT; Schema: django; Owner: aris
--

ALTER TABLE ONLY django.magazin_app_review
    ADD CONSTRAINT magazin_app_review_user_id_300e7077_fk_magazin_app_user_id_user FOREIGN KEY (user_id) REFERENCES django.magazin_app_user(id_user) DEFERRABLE INITIALLY DEFERRED;


--
-- Name: SCHEMA django; Type: ACL; Schema: -; Owner: postgres
--

GRANT ALL ON SCHEMA django TO aris;


--
-- PostgreSQL database dump complete
--

\unrestrict HUY6IzWAxo6jkteCGE15GRhfpSHZmb5LRxcg58IkwekjSfyHzNufgs8BBHsIwz2

